course,code
Accounting for finance,FIN-411
Advanced algorithms,CS-450
Advanced analog and rf integrated circuits design i,EE-520
Advanced analog and rf integrated circuits design ii,EE-521
Advanced analysis i,MATH-400
Advanced analysis ii,MATH-401
Advanced bioengineering methods laboratory,BIOENG-444
Advanced compiler construction,CS-420
Advanced composites in engineering structures,CIVIL-443
Advanced computer architecture,CS-470
Advanced computer graphics,CS-440
Advanced control systems,ME-524
Advanced cryptography,COM-501
Advanced derivatives,FIN-503
Advanced diffusional separation processes,ChE-402
Advanced digital communications,COM-510
Advanced energetics,ME-451
Advanced heat transfer,ME-465
"Advanced information, computation, communication i",CS-101
"Advanced information, computation, communication ii",COM-102
Advanced lab in electrical energy systems,EE-588
Advanced lab in electrical engineering,EE-598
Advanced lab in electrical engineering,EE-598
Advanced machine learning,MICRO-570
Advanced materials for photovoltaics and lighting,CH-447
Advanced mems,MICRO-534
Advanced metallurgy,MSE-422
Advanced methods in computational solid mechanics,CIVIL-523
Advanced multiprocessor architecture,CS-471
Advanced nanomaterials,MSE-477
Advanced nmr and imaging,CH-401
Advanced numerical analysis,MATH-351
Advanced principles and applications of systems biology,ChE-421
Advanced probability and applications,COM-417
Advanced regression,MATH-408
Advanced satellite positioning,ENV-542
Advanced steel design,CIVIL-435
Advanced techniques for the risk analysis of technical systems,ETH-441
Advanced topics in financial econometrics,FIN-521
Advanced topics in nuclear reactor materials,ETH-530
Advanced vlsi design,EE-431
Advanced wireless communications: algorithms and architectures,EE-543
Aerodynamics,ME-445
Aèroèlasticitè et intèraction fluide-structure,ME-435
Afrique contemporaine,HUM-261
Air pollution and climate change,ENV-400
Algebraic curves and cryptography,MATH-409
Algëbre,MATH-310
Algëbre linèaire,MATH-111(a)
Algëbre linèaire,MATH-111(b)
Algëbre linèaire,MATH-111(c)
Algëbre linèaire,MATH-111(d)
Algëbre linèaire,MATH-111(e)
Algëbre linèaire,MATH-111(f)
Algëbre linèaire,MATH-111(g)
Algëbre linèaire (anglais),MATH-111(en)
Algëbre linèaire avancèe i,MATH-110(a)
Algëbre linèaire avancèe i,MATH-110(b)
Algëbre linèaire avancèe ii,MATH-115(a)
Algëbre linèaire avancèe ii,MATH-115(b)
Algëbre linèaire (pour cms),PREPA-001
Algëbre linèaire (pour cms),PREPA-002
Algëbres de lie,MATH-319
Algorithms,CS-250
Altèritès et intègrations,HEP-401
Amènagement et gestion du territoire,ENV-361
Analog circuits design i,EE-420
Analog circuits design ii,EE-421
Analog circuits for biochip,EE-518
Analyse avancèe i,MATH-100(a)
Analyse avancèe i,MATH-100(b)
Analyse avancèe ii,MATH-105(a)
Analyse avancèe ii,MATH-105(b)
Analyse de produits et systëmes,MICRO-443
Analyse des polluants dans l'environnement,ENV-300
"Analyse du cycle de vie, ècobilan",ENV-370
Analyse et gestion de risques,CIVIL-438
Analyse et management des risques industriels,ENV-508
Analyse exploratoire de donnèes gèospatiales,ENV-444
Analyse fonctionnelle i,MATH-302
Analyse fonctionnelle ii,MATH-404
Analyse i,MATH-101(a)
Analyse i,MATH-101(b)
Analyse i,MATH-101(c)
Analyse i,MATH-101(d)
Analyse i,MATH-101(e)
Analyse i,MATH-101(f)
Analyse i,MATH-101(g)
Analyse i (allemand),MATH-101(de)
Analyse i (anglais),MATH-101(en)
Analyse ii,MATH-106(a)
Analyse ii,MATH-106(b)
Analyse ii,MATH-106(c)
Analyse ii,MATH-106(e)
Analyse ii,MATH-106(f)
Analyse ii (anglais),MATH-106(en)
Analyse iii,MATH-200
Analyse iii,MATH-202(c)
Analyse iii,MATH-203(a)
Analyse iii,MATH-203(b)
Analyse iii,MATH-203(c)
Analyse ii (pour cms),PREPA-005
Analyse ii (pour cms),PREPA-006
Analyse i (pour cms),PREPA-003
Analyse i (pour cms),PREPA-004
Analyse iv ,MATH-205
Analyse iv ,MATH-206
Analyse iv ,MATH-207(a)
Analyse iv ,MATH-207(c)
Analyse iv ,MATH-207(d)
Analyse numèrique,MATH-150
Analyse numèrique,MATH-250
Analyse numèrique,MATH-251(a)
Analyse numèrique,MATH-251(b)
Analyse numèrique,MATH-251(c)
Analyse numèrique,MATH-251(d)
Analyse structurale,CH-201
Analysis and modelling of locomotion,BIOENG-404
Analysis iii,MATH-201
Analysis of ancient materials and their degradation,CH-406
Analysis on groups,MATH-416
Analytic algorithms,CS-435
A network tour of data science,EE-558
Anneaux et corps,MATH-215
Application des mathèmatiques (cms),PREPA-007
Application des mathèmatiques (cms),PREPA-008
Applied corporate & industry analysis (mte master only),MGT-410
Applied data analysis,CS-401
Applied machine learning,MICRO-455
Applied mechanical design,ME-403
Applied molecular quantum chemistry,CH-451
Applied probability & stochastic processes,MGT-484
Applied stochastic processes,MATH-332
Applied wastewater engineering,ENV-509
"Apprentissage, dèveloppement et enseignement",HEP-402
Appuis informatique,PREPA-038
Aquatic ecosystems,ENV-321
Architecture and existing buildings,AR-424(b)
Architecture autonome,AR-526
Architecture des systems-on-chip,CS-209
Architecture & ènergie solaire,PENS-301
Architecture et construction de la ville i,AR-451
Architecture et construction de la ville ii,AR-452
Argamassa armada in salvador de bahia,PENS-308
Art et histoire des jardins,AR-453
Artificial photosynthesis,CH-426
Arts et histoires de l'environnement i,AR-365
Arts et histoires de l'environnement ii,AR-366
Asian studies,HUM-265(a)
Assembly techniques,MSE-464
Astrophysics iii : stellar and galactic dynamics,PHYS-401
Astrophysics iv : observational cosmology,PHYS-402
Astrophysique ii : bases physiques de l'astrophysique,PHYS-323
Astrophysique i : introduction ‡ l'astrophysique,PHYS-209
Atomes et rayonnement,CH-360
"Atomes, ions, molècules et fonctions",CH-102
Atomistic and quantum simulations of materials,MSE-468
Audio,EE-548
Audio signal processing and virtual acoustics,COM-415
Automatic speech processing,EE-554
Automatique + tp,ME-325
Autre contribution ‡ l'enseignement,
Autre contribution ‡ l'enseignement,
B2b - high-tech marketing,MGT-402
Barrages et ouvrages hydrauliques annexes,CIVIL-411
Bases de la robotique,MICRO-450
Beyond-design-basis safety,ETH-532
Bioanalytics and analytical sensors,CH-402
Biochemical engineering,ChE-311
Biochemistry ii,CH-313
Biochimie,ENV-100
Biochimie i,CH-210
Bioelectronics and implantable biomedical microelectronics,EE-519
Bio-ingènierie des cours døeau et milieux naturels,ENV-420
Bioinorganic chemistry,CH-321
Biological chemistry ii (for sv),BIO-212
Biological chemistry iii,BIO-213
Biological modeling of neural networks,BIO-465
Biologie,ENV-101
Biologie cellulaire et molèculaire i,BIO-205
Biologie cellulaire et molèculaire ii,BIO-207
Biologie du dèveloppement,BIO-221
Biologie i,BIO-103
Biologie ii,BIO-104
Biologie (pour cms),PREPA-009
Biologie (pour cms),PREPA-010
Biomaterials,BIOENG-442
Biomaterials (pour mx),MSE-471
Biomechanics of the cardiovascular system,ME-481
Biomechanics of the musculoskeletal system,ME-482
Biomedical optics,BIOENG-445
Biomedical signal processing,EE-512
Biomems,MICRO-560
Biomicroscopy i,MICRO-561
Biomicroscopy ii,MICRO-562
Biomineralization: from nature to application,ENV-406
Biomolecular structure and mechanics,BIO-315
Bio-nano-chip design,EE-517
Biophysics i,PHYS-301
Biophysics ii,PHYS-302
Bioprocesses and downstream processing,ChE-437
Bioreactor modeling and simulation,ChE-320
Biostatistics,MATH-449
Biotechnology lab (for cgc),BIOENG-433
Brain computer interaction,EE-514
Business design for it services,CS-490
Business information systems,MGT-429
Calcul des variations,MATH-437
Calcul quantique,CS-308
Cancer biology i,BIO-471
Cancer biology ii,BIO-472
Capteurs,MICRO-330
Caractëres architecturaux et urbanismes de l'islam,AR-457
Catalysis for emission control and energy processes,ChE-410
Catalysis for energy storage,CH-421
Catalyst design for synthesis,CH-422
Catalytic asymmetric reactions in organic chemistry,CH-435
Cavitation et phènomënes d'interface,ME-462
Cellular biology and biochemistry for engineers,BIO-105
Cellular signalling,CH-411
Cementitious materials (advanced),MSE-420
"Ceramics, structures and properties + tp",MSE-231
"Cerveau, esprit et sociètè",HUM-256
Chemical biology,CH-412
Chemical biology - tools and methods,BIOENG-447
Chemical engineering lab & project,ChE-409
Chemical engineering of heterogenous reactions,ChE-403
Chemical engineering product design,ChE-413
Chemical kinetics,CH-342
Chemical thermodynamics,CH-241
Chemistry of elements s and p,CH-221
Chemistry of food processes,ENG-435
Chemistry of small biological molecules,CH-415
Chimie analytique expèrimentale,CH-309(a)
Chimie des denrèes alimentaires,ENG-433
Chimie des surfaces,MICRO-270
Chimie gènèrale,CH-161(a)
Chimie gènèrale,CH-161(b)
Chimie gènèrale,CH-161(c)
Chimie gènèrale,CH-161(d)
Chimie gènèrale (anglais),CH-161(en)
Chimie gènèrale avancèe,CH-160(a)
Chimie gènèrale avancèe,CH-160(b)
Chimie gènèrale avancèe,CH-160(c)
Chimie gènèrale avancèe (‡ choix),
Chimie inorganique,CH-263
"Chimie organique, tp",CH-230
Chimie physique des interfaces,CH-341
Chimie physique expèrimentale,CH-349
Chimie (pour cms),PREPA-011
Chimie (pour cms),PREPA-012
Chimie prèparative i,CH-239
Chimie prèparative ii,CH-229
Chimie tp i ,CH-108(a)
Chimie tp ii,CH-109(a)
Chine contemporaine a,HUM-262(a)
Chine contemporaine b,HUM-323(a)
Chine: la renaissance d'une grande puissance i,HUM-434(a)
Chine: la renaissance d'une grande puissance ii,HUM-434(b)
Circuits and systems ii,EE-205
Circuits et systëmes èlectroniques i,EE-331
Circuits et systëmes èlectroniques ii,EE-332
Circuits et systëmes i,EE-204
Circuits intègrès i,EE-320
Classical electrodynamics,PHYS-324
Cognitive psychology b,HUM-316
Cohèrences aventureuses,AR-444
Combinatorial optimization,MATH-460
Commande d'actionneurs ‡ l'aide d'un microprocesseur + tp,MICRO-510
Commande de procèdès,ME-323
Commande non linèaire,ME-523
Commutative algebra,MATH-438
Comportement humain et sciences èconomiques,HUM-277
Comportement organisationnel a,HUM-346
Comportement organisationnel b,HUM-347
Composants semiconducteurs,MICRO-312
Composites polymëres + tp,MSE-340
Composites technology,MSE-440
Compound semiconductor electronic devices,EE-557
Computational finance,MATH-472
Computational linear algebra,MATH-453
Computational methods in molecular quantum mechanics,CH-452
Computational motor control,CS-432
Computational multiphase thermal fluid dynamics,ETH-433
Computational photography,CS-413
Computational physics iii,PHYS-332
Computational social media ,EE-727
Computer-aided engineering,ME-417
Computer architecture ,CS-208
Computer language processing,CS-320
Computer networks,COM-208
Computer simulation of physical systems i,PHYS-403
Computer simulation of physical systems ii,PHYS-404
Computer vision,CS-442
Conception de mècanismes i,MICRO-200
Conception de mècanismes ii,MICRO-201
Conception des ponts,CIVIL-330
Conception de systëmes numèriques,CS-173
Conception de systëmes numèriques pour el,EE-334
Conception et dimensionnement des structures en bois,CIVIL-331
Conception et gestion des systëmes de transport,CIVIL-350
Conception interactive des formes structurales,AR-483
Conception mècanique intègrèe,ME-418
Conception pour x,ME-312
"Conception, simulation et informatique",PENS-202
Concepts in ecological engineering,ENV-422
Concevoir des structures,AR-337
Concurrent algorithms,CS-453
Confort et architecture: stratègies durables,AR-442
Construction en bois,CIVIL-433
Construction et durabilitè i,AR-131
Construction et durabilitè ii,AR-132
Construction et durabilitè iii,AR-231
Construction et durabilitè iv,AR-232
Construction et durabilitè v,AR-331
Construction et durabilitè vi,AR-332
Construction mècanique ii (pour gm),ME-102
Construction mècanique ii (pour mt),ME-107
Construction mècanique i (pour gm),ME-101
Construction mècanique i (pour mt),ME-106
Construire dans les zones ‡ radiations naturelles,PENS-302
Control systems + tp,ME-321
Conversion d'ènergie,EE-360
Conversion èlectromècanique i,MICRO-213
Conversion èlectromècanique ii,MICRO-313
Conversion èlectromècanique tp,MICRO-314
Convexity,MATH-461
Convex optimization and applications,CS-454
Coopèration et dèveloppement,HUM-355
Coordination chemistry,CH-222
Coordination chemistry and reactivity of f elements,CH-427
Corporate governance,MGT-552
Corporate strategy,MGT-400
Corrosion et protection des mètaux + tp,MSE-311
Cours ethz,
Cours ethz,
Cours ethz 1,
Cours ethz 1,
"Cours euler, algëbre linèaire i",
"Cours euler, algëbre linèaire ii",
"Cours euler, analyse gymnase",
"Cours euler, analyse i",
"Cours euler, analyse ii",
"Cours euler, chimie gènèrale",
"Cours euler, gèomètrie ii",
"Cours euler, mathèmatiques i",
"Cours euler, mathèmatiques i",
"Cours euler, mathèmatiques ii",
"Cours euler, mathèmatiques ii",
"Cours euler, mathèmatiques iii",
"Cours euler, mathèmatiques iii",
"Cours euler, physique gènèrale i",
"Cours euler, physique gènèrale ii",
Cours institut national polytechnique de grenoble,
Cours politecnico di torino,
Cours uni fribourg,
Cours uni fribourg,
Cours uni genëve,
Cours uni genëve,
Cours unil - facultè de biologie et de mèdecine i (automne),
Cours unil - facultè de biologie et de mèdecine ii (automne),
Cours unil - facultè de biologie et de mèdecine ii (printemps),
Cours unil - facultè de biologie et de mèdecine i (printemps),
Cours unil - facultè de droit et des sciences criminelles i (automne),
Cours unil - facultè de droit et des sciences criminelles ii (automne),
Cours unil - facultè de droit et des sciences criminelles ii (printemps),
Cours unil - facultè de droit et des sciences criminelles i (printemps),
Cours unil - facultè des gèosciences et de l'environnement gse i (automne),
Cours unil - facultè des gèosciences et de l'environnement gse ii (automne),
Cours unil - facultè des gèosciences et de l'environnement gse ii (printemps),
Cours unil - facultè des gèosciences et de l'environnement gse i (printemps),
Cours unil - facultè des hautes ètudes commerciales hec i (automne),
Cours unil - facultè des hautes ètudes commerciales hec ii (automne),
Cours unil - facultè des hautes ètudes commerciales hec ii (printemps),
Cours unil - facultè des hautes ètudes commerciales hec i (printemps),
Cours unil - facultè des lettres i (automne),
Cours unil - facultè des lettres ii (printemps),
Cours unil - facultè des sciences sociales et politiques ssp i (automne),
Cours unil - facultè des sciences sociales et politiques ssp ii (automne),
Cours unil - facultè des sciences sociales et politiques ssp ii (printemps),
Cours unil - facultè des sciences sociales et politiques ssp i (printemps),
Cours uni neuch‚tel,
Cours uni neuch‚tel,
Credit risk,FIN-504
Croissance et dèveloppement durable,HUM-308
Cryptography and security,COM-401
Crystallography and diffraction methods,MSE-202
Culture mèdiatique i,HUM-404(a)
Culture mèdiatique ii,HUM-404(b)
Data analysis and model classification,EE-516
Database systems,CS-422
Data converter circuits and systems,EE-533
Data corpora,DH-401
Data science for business,MGT-432
Decision-aid methodologies in transportation,CIVIL-557
Decommissioning of nuclear power plants,ETH-533
Dèformations des matèriaux,MSE-310
De la structure ‡ l'ornement,AR-521
Derivatives,FIN-404
Design de sig,ENV-547
Design graphique i,HUM-205
Design graphique ii,HUM-224
Design graphique iii,HUM-305
Design graphique iv,HUM-326
Design graphique v,HUM-407(a)
Design graphique vi,HUM-407(b)
Design industriel i,HUM-206
Design industriel ii,HUM-225
Design industriel iii,HUM-306
Design industriel iv,HUM-327
Design industriel v,HUM-408(a)
Design industriel vi,HUM-408(b)
Design project,ENV-596
Design technologies for integrated systems,CS-472
Development engineering,ENV-470
Dèveloppement durable a,HUM-226
Dèveloppements en èconomie des transports,CIVIL-456
"Diagnostic en enac, dèmarche et outils de mesure",PENS-203
Didactique des mathèmatiques,HEP-407
Didactique des mathèmatiques au secondaire ii,HEP-403
Dielectric properties of materials,MSE-480
Differential geometry of framed curves,MATH-423
Difficult double double histories,AR-522
Diffraction methods in structural biology,PHYS-437
Digital 3d geometry processing,CS-446
Digital culture,DH-402
Digital education & learning analytics,CS-411
Digitisation and visualisation,DH-404
Discrete mathematics,MATH-260
Discrete optimization,MATH-261
Discriminations et marchè du travail,HUM-334(a)
Dispositifs micro- nanoèlectroniques,EE-333
Distributed algorithms,CS-451
Distributed information systems,CS-423
Distributed intelligent systems,ENG-466
Distribution de l'ènergie èlectrique,EE-371
Droit : contrats et responsabilitè professionnelle,ENV-466
"Droit de l'architecte, approfondissements : la rèalisation d'une construction",ENG-484
"Droit de l'architecte, introduction : contrats et concours",ENG-383
Droit de la recherche technologique,HUM-307
Droit des affaires,HUM-234
Droit et technique i,HUM-410(a)
Droit et technique ii,HUM-410(b)
"D. thinking: real problems, human-focused solutions",MGT-409
Du relevè numèrique ‡ la mesure du changement,PENS-303
Dynamical system theory for engineers,COM-502
Dynamique des structures,CIVIL-420
Dynamique des systëmes mècaniques,ME-311
Dynamique molèculaire et simulation monte-carlo,CH-351
Dynamique numèrique des solides et des structures,ME-473
Dynamiques spatiales et acteurs du territoire,AR-351
Early detection of innovation potential,MGT-500
Eco-friendly production and process intensification,ChE-408
Ecologie de la connaissance,HUM-245(a)
Ecologie gènèrale,ENV-220
Ecologie numèrique,ENV-521
Eco-morphologie fluviale,ENV-418
Econometrics,FIN-403
Economics of innovation,MGT-501
Economics of innovation in the biomedical industry,MGT-403
Economics of innovation & management in energy,MGT-407
Economie de la chine,HUM-249
Economie des rèseaux d'infrastructures,CIVIL-458
Economie et politique de l'ènergie i,HUM-411(c)
Economie et politique de l'ènergie ii,HUM-411(d)
Economie hydraulique,CIVIL-441
Economie spatiale et règionale,AR-492
Ecotoxicology,ENV-306
…coulement des fluides,ME-271
Elaboration des cèramiques et des colloôdes +tp,MSE-326
Electrical filters,EE-539
Electroacoustique,EE-348
Electrochemical engineering,ChE-407
Electrochemistry for materials technology,MSE-441
Electrochimie des solutions,CH-243
Electromagnetic compatibility,EE-576
Electromagnètisme ii : calcul des champs,EE-201
Electromagnètisme i : lignes et ondes,EE-200
Electronic spectroscopy,CH-444
Electronique,EE-280
Electronique i,EE-202
Electronique i,EE-202(b)
Electronique ii,EE-203
Electronique ii,EE-203(b)
Electronique iii,EE-381
"Electronique, labo",EE-380
Electron microscopy: advanced methods,MSE-450
Electrotechnique i,EE-100(B)
Electrotechnique ii,EE-102(B)
Elèments d'analyses urbaines et territoriales i,AR-151
Elèments d'analyses urbaines et territoriales ii,AR-152
Elèments de cheminformatique,CH-352
Elèments de gèomatique,ENV-140
Elliptic pde's,MATH-407
Embedded systems,CS-473
Energètique du b‚timent,ENG-445
Energie solaire et architecture,AR-449
Energy conversion and renewable energy,ME-409
Energy geostructures,CIVIL-444
Energy storage systems,EE-466
Energy systems engineering,ChE-304
Engineering geology for geo-energy,CIVIL-428
Engineering internship credited with master project (master in financial engineering),FIN-598
Engineering internship credited with master project (master in financial engineering),FIN-598
Engineering internship credited with master project (master in management of technology and entrepreneurship),MGT-597
Engineering internship credited with master project (master in management of technology and entrepreneurship),MGT-597
Engines and fuel cells,ME-551
Enjeux èthiques de l'ingènieur i,HUM-412(c)
Enjeux èthiques de l'ingènieur ii,HUM-412(d)
Enjeux mondiaux: alimentation a,HUM-120(a)
Enjeux mondiaux: alimentation b,HUM-120(b)
Enjeux mondiaux: climat a,HUM-121(a)
Enjeux mondiaux: climat b,HUM-121(b)
Enjeux mondiaux: communication a,HUM-122(a)
Enjeux mondiaux: communication b,HUM-122(b)
Enjeux mondiaux: ènergie a,HUM-123(a)
Enjeux mondiaux: ènergie b,HUM-123(b)
Enjeux mondiaux: mobilitè a,HUM-124(a)
Enjeux mondiaux: mobilitè b,HUM-124(b)
Enjeux mondiaux: santè a,HUM-125(a)
Enjeux mondiaux: santè b,HUM-125(b)
Enjeux politiques contemporains a,HUM-201
Enjeux politiques contemporains b,HUM-250
Enoncè thèorique de master,AR-598
Enoncè thèorique de master,AR-598
Enterprise and service-oriented architecture,CS-491
Entrepreneurship,HUM-348
Entrepreneurship laboratory (e-lab),MGT-517
Entrepreneurship & new venture strategy (a),MGT-413(a)
Entrepreneurship & new venture strategy (b),MGT-413(b)
Environmental chemistry,ENV-200
Environmental policy,MGT-433
Environmental transport phenomena,ENG-420
Environment chemical and biological technology,ChE-404
"Environnements de travail, risques professionnels",ENV-468
Equations diffèrentielles ordinaires,MATH-301
Equilibres et rèactivitè chimiques,CH-101
Equilibrium-stage separation processes,ChE-401
Equivalence cycle master,
Equivalence cycle master,
Espaces mètriques et topologiques,MATH-220
Esthètique des ouvrages de gènie civil,CIVIL-476
…tat et droits humains,HUM-208
Ethique de la recherche scientifique,HUM-329
Ethique de l'environnement,HUM-359
Ethique sociale et politique a,HUM-207(a)
Ethique sociale et politique b,HUM-271
Etude et analyse des systëmes ènergètiques,CIVIL-340
Etudes d'impact,ENG-474
…tudes musicales b,HUM-228
…tudes musicales d,HUM-331
…tudes musicales ii,HUM-414(b)
Evaluations des apprentissages,HEP-404
Evolutionary robotics,MICRO-515
Experimental cognitive psychology i,HUM-403(a)
Experimental cognitive psychology ii,HUM-403(b)
Experimental design and data analysis with r,ENG-467
Experimental methods in physics,PHYS-405
Exploitation ferroviaire,CIVIL-452
Fabrication assistèe par ordinateur,ME-416
Fab/sim practicals,MICRO-501
Fate and behaviour of organic pollutants,ENV-507
Figuration et reprèsentation de l'architecture,AR-210
Figuration expressive,AR-312
Figuration graphique i,AR-111
Figuration graphique ii,AR-112
Financial big data,FIN-525
Financial econometrics,FIN-407
Financial & managerial accounting,MGT-481
Fixed income analysis,FIN-505
Flexible bioelectronics,MICRO-514
Fluid mechanics (for sie),ENG-272
Fluid mechanics for sv,BIOENG-312
Fluvial biogeosciences,ENV-426
"Foncier, immobilier, logement",AR-491
Fonctions et rèactions organiques i,CH-104
Fonctions et rèactions organiques ii,CH-233
Fonctions et rèactions organiques iii,CH-234
Food biotechnology,ENG-436
Foundations of software,CS-452
Fracture mechanics,ME-432
Fracture of materials,MSE-424
Frontiers in nanosciences,PHYS-407
Functional programming,CS-210
Fundamentals and processes for photovoltaic devices,MICRO-565
Fundamentals of biomedical imaging,PHYS-438
Fundamentals of biophotonics,BIO-443
Fundamentals of biosensors and electronic biochips,EE-515
Fundamentals of neuroengineering,BIOENG-448
Fundamentals of solid-state materials,MSE-423
Fundamentals of traffic operations and control,CIVIL-457
Fundamentals of vlsi design,EE-429
General physics ii,PHYS-114
General physics iii,PHYS-201(d)
General physics iii,PHYS-201(e)
Gènètique et gènomique,BIO-373
Gènie chimique tp,ChE-309
Gènie des bioprocèdès environnementaux,ENV-503
Gènie des procèdès,ENV-201
"Gènie sanitaire, gestion des eaux et des dèchets",ENV-304
Genomics and bioinformatics,BIO-463
Geocomputation,ENV-546
Gèologie,CIVIL-103
Gèologie de la construction et de l'environnement,CIVIL-403
Geomechanics,CIVIL-402
Gèomètrie,MATH-121
Gèomètrie,MATH-123(b)
Gèomètrie analytique (pour cms),PREPA-013
Gèomètrie analytique (pour cms),PREPA-014
Gèomètrie descriptive (pour cms),PREPA-015
Gèomètrie descriptive (pour cms),PREPA-016
Gèomètrie hyperbolique et groupes discrets,MATH-439
Gèomètrie i,MATH-120
Gèomètrie ii,MATH-125
Gèomètrie pour architectes i,MATH-124
Gèomètrie pour architectes ii,MATH-126
Geomonitoring,ENV-445
Geophysics for engineers,CIVIL-448
Gèopolitique et politique de la mondialisation i,HUM-415(a)
Gèopolitique et politique de la mondialisation ii,HUM-415(b)
Gestion de la maintenance des infrastructures,CIVIL-455
Gestion des organisations i,HUM-435(a)
Gestion des organisations ii,HUM-435(b)
Gestion du projet d'architecture,ENG-382
Gestion fonciëre et droit foncier,ENV-460
Global business environment,FIN-523
"Global perspectives, local realities i",HUM-440(a)
"Global perspectives, local realities ii",HUM-440(b)
Gˆdel and recursivity,MATH-483
Going east i,HUM-402(a)
Going east ii,HUM-402(b)
Graph theory,MATH-360
Green highways in residential area,PENS-213
Groundwater and soil remediation,ENV-504
Habitat autonome en zone sinistrèe,PENS-204
Habitat et dèveloppement urbain,AR-465
Habiter mars,PENS-304
Haptic human robot interfaces,MICRO-553
Hardware systems modeling,EE-434
Hardware systems modeling i,EE-432
Hardware systems modeling ii,EE-433
Harmonic analysis,MATH-405
Heat and mass transfer,ME-341
Hf and vhf circuits and techniques i,EE-425
Hf and vhf circuits and techniques ii,EE-525
Histoire contemporaine de la suisse,HUM-371
Histoire de la pensèe èconomique,HUM-340
Histoire de l'architecture i,AR-123
Histoire de l'architecture ii,AR-124
Histoire de l'architecture iii,AR-223
Histoire de l'architecture iv,AR-224
Histoire de l'architecture v,AR-323
Histoire de l'architecture vi,AR-324
Histoire de l'asie contemporaine a,HUM-203(a)
Histoire de l'asie contemporaine b,HUM-324(a)
Histoire de l'habitation,AR-427
Histoire de l'image a,HUM-311
Histoire de l'image b,HUM-321
Histoire de l'image i,HUM-418(a)
Histoire de l'image ii,HUM-418(b)
Histoire de l'innovation,HUM-270
Histoire des ènergies et des transports a,HUM-221(a)
Histoire des ènergies et des transports b,HUM-330(a)
Histoire des mèdias,HUM-263
Histoire des relations internationales,HUM-248(a)
Histoire du bèton,AR-425
Histoire et humanitès digitales,HUM-276
Histoire et thèorie de la photographie,HUM-269
Histoire et thèorie du cinèma,HUM-233
Histoire internationale contemporaine a,HUM-254
Histoire internationale contemporaine b,HUM-312(a)
History of globalization i,HUM-427(a)
History of globalization ii,HUM-427(b)
Hommes / machines i,HUM-416(a)
Hommes / machines ii,HUM-416(b)
How people learn i,HUM-432(a)
How people learn ii,HUM-432(b)
Human computer interaction,CS-486
Humanitaire et technologies,HUM-272
Humanitès digitales,HUM-369
Humanitès digitales i,HUM-439(c)
Humanitès digitales ii,HUM-439(d)
Hydraulic turbomachines,ME-453
Hydraulique fluviale et amènagement de cours d'eau,CIVIL-410
Hydrodynamics,ME-444
Hydrodynamique acoustique,ME-443
Hydrogeophysics,ENV-523
Hydrologie urbaine,ENV-417
Hydrology for engineer,ENV-221
Hydropower plants : generating and pumping units,EE-456
Ic design ii,EE-330
Image analysis and pattern recognition,EE-451
Image and video processing,EE-550
Image communication,EE-551
Image optics ,MICRO-421
Image processing i,MICRO-511
Image processing ii,MICRO-512
Imagery of territory,ENV-540
Images de la nature i,HUM-409(a)
Images de la nature ii,HUM-409(b)
Immunology,BIO-479
Incompressible fluid mechanics,ME-344
Industrial automation,CS-487
Industrial electronics i,EE-465
Industrial electronics ii,EE-565
"Industry dynamics, models & trends",MGT-453
Industry internship in bioengineering,BIOENG-596(a)
Industry internship in bioengineering,BIOENG-596(a)
Industry internship in life sciences and technology,BIOENG-596(b)
Industry internship in life sciences and technology,BIOENG-596(b)
Infection biology,BIO-477
"Information, calcul, communication",CS-110(a)
"Information, calcul, communication",CS-110(b)
"Information, calcul, communication",CS-110(c)
"Information, calcul, communication",CS-110(d)
"Information, calcul, communication",CS-110(f)
Information security and privacy,COM-402
Information : strategy & economics,MGT-431
Information technology and digital strategy,MGT-439
Information theory and coding,COM-404
Informatique du temps rèel,CS-321
Informatique (pour cms),PREPA-017
Informatique (pour cms),PREPA-018
Informatique (pour gc),CIVIL-260
Informatique pour l'ingènieur,ENV-270
Ingènierie optique i,MICRO-321
Ingènierie optique ii,MICRO-322
Initiation ‡ l'èlectronique,EE-282
Innovation management,MGT-411
Inorganic reactivity,CH-423
In silico neuroscience,BIOENG-450
Instability,ME-466
Integrated circuits technology,EE-532
Integrated optics,MICRO-522
Intelligence artificielle,CS-330
Intelligent agents,CS-430
Interdisciplinary / disciplinary project for chemical master,CH-492
Interfaces in biology and nanoscience,MICRO-391
Internet analytics,COM-308
"Internet : enjeux sociaux, enjeux mondiaux i",HUM-405(a)
"Internet : enjeux sociaux, enjeux mondiaux ii",HUM-405(b)
Internship project for nus in a start-up,
Introduction ‡ la chimie organique i,CH-162
Introduction ‡ la chimie organique ii,CH-163
Introduction ‡ la commande des systëmes dynamiques,ME-273
Introduction ‡ la conception mècanique,ME-105
Introduction ‡ la gèomètrie riemannienne,MATH-422
Introduction ‡ la mècanique des structures,ME-103
Introduction ‡ la microscopie + tp,MSE-352
Introduction ‡ la photonique,EE-340
Introduction ‡ la physique des astroparticules,PHYS-439
Introduction ‡ la programmation,CS-107
Introduction ‡ la science des matèriaux (sem. automne),MSE-100(b)
Introduction ‡ la science des matèriaux (sem. printemps),MSE-100(c)
Introduction ‡ la thèorie algèbrique des nombres,MATH-312
Introduction ‡ la thèorie analytique des nombres,MATH-313
Introduction ‡ l'informatique visuelle,CS-211
Introduction ‡ l'optimisation et ‡ la recherche opèrationnelle,MATH-265
Introduction au bim (building information modeling),AR-484
Introduction au droit de la propriètè intellectuelle,HUM-352
Introduction au droit et ‡ l'èthique en stv,BIO-455
Introduction au gènie chimique tp,ChE-203
Introduction au monde russe,HUM-264
Introduction aux èquations aux dèrivèes partielles,MATH-300
Introduction aux outils cao en architecture,AR-219
Introduction aux sciences du vivant,BIO-109(a)
Introduction aux sciences du vivant,BIO-109(b)
Introduction aux sciences du vivant,BIO-109(c)
Introduction aux sciences du vivant,BIO-109(d)
Introduction aux sciences du vivant,BIO-109(e)
Introduction aux sciences du vivant (pour ic),BIO-109
Introduction aux techniques de construction,PHYS-300(a)
Introduction aux turbomachines,ME-342
Introduction aux variètès diffèrentiables,MATH-322
Introduction to algebraic geometry,MATH-428
Introduction to cellular and molecular biotechnology,BIOENG-430
Introduction to chemical engineering,ChE-201
Introduction to computer graphics,CS-341
Introduction to crystal growth by epitaxy,MSE-442
Introduction to database systems,CS-322
Introduction to digital humanities,DH-405
Introduction to econometrics,MGT-581
Introduction to electronic structure methods,CH-353
Introduction to environmental engineering,ENV-167
Introduction to finance (if master and minor only),FIN-401
Introduction to magnetic materials in modern technologies,MSE-432
Introduction to multiprocessor architecture,CS-307
Introduction to nanomaterials,MSE-479
Introduction to natural language processing,CS-431
Introduction to nuclear engineering,ME-464
Introduction to oncology,BIO-392
Introduction to operating systems,CS-323
Introduction to particle accelerators,PHYS-448
Introduction to the finite elements method,MATH-350
Introduction to transport phenomena,ChE-204
Introduction to vlsi design,EE-428
Investing: a guide to doing the right thing,FIN-506
Investments,FIN-405
Iran contemporain,HUM-372
Japon contemporain a,HUM-357
Japon contemporain b,HUM-363
Lab immersion academic (outside epfl) a,BIO-504
Lab immersion academic (outside epfl) a,BIO-504
Lab immersion academic (outside epfl) b,BIO-505
Lab immersion academic (outside epfl) b,BIO-505
Lab immersion i,BIO-501
Lab immersion ii,BIO-502
Lab immersion ii,BIO-502
Lab immersion iii,BIO-503
Lab immersion iii,BIO-503
Lab immersion in industry a,BIO-506
Lab immersion in industry a,BIO-506
Lab immersion in industry b,BIO-507
Lab immersion in industry b,BIO-507
Lab in acoustics,EE-490(a)
Lab in eda based design,EE-490(b)
Lab in electrical energy systems,EE-490(c)
Lab in microelectronics,EE-490(d)
Lab in microwaves,EE-490(e)
Lab in signal and image processing,EE-490(f)
Lab methods : animal experimentation,BIOENG-511
Lab methods : bioactive compounds screening,BIOENG-512
Lab methods : biosafety,BIOENG-513
Lab methods : flow cytometry,BIOENG-514
Lab methods : histology,BIOENG-516
Lab methods : proteomics,BIOENG-517
Labo intègrè en sciences de la vie i,BIO-203
Labo intègrè en sciences de la vie ii,BIO-204
Lab on apps development for tablets and smartphones,EE-490(g)
Laboratoire de physique iia,PHYS-204
Laboratoire de physique iib,PHYS-211
Laboratoire de physique iiia,PHYS-319
Laboratoire de physique iiib,PHYS-320
Laboratoire de physique iva,PHYS-421
Laboratoire de physique ivb,PHYS-422
Laboratoire de physique ivb,PHYS-422
Laboratoire de physique (mètrologie) ia,PHYS-104
Laboratoire de physique (mètrologie) ib,PHYS-106
Laboratoire gc,CIVIL-492
Laboratoire gc,CIVIL-492
Laboratory information management systems (lims),CH-404
La maótrise du sol en droit suisse,PENS-200
L'architecture du paysage,AR-478
La recherche dans tous ses ètats i,HUM-437(a)
La recherche dans tous ses ètats ii,HUM-437(b)
Large-area electronics: devices and materials,MICRO-566
L'art brut,HUM-350
Laser microprocessing,MICRO-520
Lasers and applications in chemistry,CH-446
Lasers : theory and modern applications,MICRO-422
Lattice models,MATH-434
Leading and managing in a global context,MGT-468
L'eau source du territoire,PENS-205
Le dèveloppement de l'adolescent,HEP-409
Le genre et ses reprèsentations,HUM-230
Lègislation du travail au laboratoire,ENG-432
Lègislation environnementale et droit de la construction,ENV-367
Le montage de projets de construction,PENS-206
L'entre-deux des villes et l'urbanitè,PENS-305
"Le pièton, vecteur d'urbanitè",PENS-207
L'hyperrèalitè,AR-479
Life cycle engineering of polymers,MSE-430
Lifecycle performance of product systems,ME-516
Limnology,ENV-425
Linear models,MATH-341
Localisation par satellites,ENV-340
Logique mathèmatique,MATH-381
Logistique et analyse de la demande,MGT-426
Machine learning programming,MICRO-401
Machines èlectriques (pour el),EE-361
Machines èlectriques (pour gm),EE-382
Macrofinance,FIN-406
Magma et principes,AR-430
Making structural logic,PENS-201
Management de projet et analyse du risque,MGT-427
Mapping urban history,PENS-306
Markov chains and algorithmic applications,COM-516
Martingales et applications,MATH-330
Martingales in financial mathematics,MATH-470
Mass spectrometry,CH-403
Master project in financial engineering,FIN-599
Master project in financial engineering,FIN-599
Master project in management of technology,MGT-599
Master project in management of technology,MGT-599
Material and energy flow analysis ,ENV-501
Materials analysis by nuclear techniques,ETH-442
Materials and technology of microfabrication,MICRO-431
Materials science,MSE-403
Materials selection,MSE-474
Matèriaux de construction + tp,MSE-322
Matèriaux et structures,CIVIL-532
Matèriaux i,MSE-170
Matèriaux ii,MSE-270
Matèriaux ii tp,MSE-271
Matèriaux microtechniques : mètaux,MSE-207
Matèriaux microtechniques : polymëres et cèramiques,MSE-208
Matèriaux pierreux et conservation du patrimoine b‚ti,MSE-472
Mathematical foundations of signal processing,COM-514
Mathematical methods for physicists,PHYS-216
Mathematical modelling of behavior,MATH-463
Mathematical modelling of dna,MATH-481
Mathematics of data: from theory to computation,EE-556
Mathèmatiques 1a (pour man),PREPA-031(a)
Mathèmatiques 1b (pour man),PREPA-031(b)
Mathèmatiques 2a (pour man),PREPA-032(a)
Mathèmatiques 2b (pour man),PREPA-032(b)
Mathèmatiques i,MATH-184
Mathèmatiques ii,MATH-186
Mathèmatiques (pour cms),PREPA-019
Mathèmatiques (pour cms),PREPA-020
"Measuring literature: results, goals, challenges",DH-403
Measuring systems,EE-206
Measuring systems lab,EE-207
Mècanique analytique (pour sph),PHYS-202
Mècanique des fluides compressibles,ME-343
Mècanique des fluides (pour gc),CIVIL-210
Mècanique des milieux continus,ME-201
Mècanique des milieux continus (pour gc),CIVIL-225
Mècanique des roches et ouvrages souterrains,CIVIL-308
Mècanique des sols et ècoulements souterrains,CIVIL-203
Mècanique des structures (pour gc),CIVIL-223
Mècanique des structures (pour gm),ME-232
Mècanique vibratoire,ME-332
Mechanical design principles,ME-302
Mechanical product design and development,ME-410
Mechanics of composites,ME-430
"Mèdias, communication et culture",HUM-204
Media security,EE-552
Mèdias et sociètè,HUM-337(a)
"Mèdias sociaux, culture et sociètè",HUM-304
Medical radiation physics ,PHYS-455
Medicinal chemistry,CH-332
Mèditerranèe: grands textes et mythes fondateurs a,HUM-215
Mèditerranèe: grands textes et mythes fondateurs b,HUM-237
Mèditerranèe: grands textes et mythes fondateurs c,HUM-314
Mèditerranèe: grands textes et mythes fondateurs d,HUM-339
Mesure et intègration,MATH-303
Mètaux et alliages + tp,MSE-236
Mèthode des èlèments finis,ME-372
Mèthodes de discrètisation en fluides,ME-371
Mèthodes de sèparation analytiques,CH-301
Mèthodes de travail,PREPA-024
Mèthodes quantitatives i,ENG-267
Methodology in instrumental chromatography,CH-405
Methods for rapid production and development,ME-415
Metrology i,PHYS-458
Metrology ii,PHYS-459
Micro and nanostructuration of materials,MSE-461
Microbiologie pour l'ingènieur,ENV-202
Microbiology,BIO-372
Microcontrùleurs,MICRO-210
Microcontrùleurs et conception de systëmes numèriques,EE-208
Microelectronics,MICRO-432
Microinformatique (pour gm),ME-303
Microinformatique (pour mt),MICRO-315
Microwaves,EE-445
Milieux continus,MSE-203
Mobile networks,COM-405
Mobile robots,MICRO-452
Modëles stochastiques pour les communications,COM-300
Modeling and simulation of microsystems,MICRO-402
Modeling of emerging electron devices,EE-537
Modèlisation des matèriaux,MSE-370
Modèlisation des systëmes de transports,CIVIL-446
Modèlisation des systëmes ènergètiques,CIVIL-447
Modèlisation et reprèsentation informatique i,AR-411
Modèlisation et reprèsentation informatique ii,AR-412
Modèlisation et simulation par èlèments finis,ME-373
Modèlisation mathèmatique et computationnelle en biologie,BIO-341
Modèlisation numèrique des solides et structures,CIVIL-321
Modelling and optimization of energy systems,ME-454
"Modelling problem solving, computing and visualisation i",MSE-443(a)
"Modelling problem solving, computing and visualisation ii",MSE-443(b)
Model predictive control,ME-425
Molecular and cellular biophysic i,CH-311
Molecular and cellular biophysic ii,CH-312
Molecular endocrinology,BIO-450
Molecular quantum dynamics ,CH-453
Multi-body simulation,ME-475
Multidisciplinary organization of medtechs/biotechs,BIO-430
Multi-phase flow,ETH-434
Multivariable control and coordination systems,EE-477
Multivariate statistics,MATH-444
Musicologie et histoire de la musique a,HUM-242
Musicologie et histoire de la musique b,HUM-217
Musicologie et histoire de la musique c,HUM-313
Musicologie et histoire de la musique d,HUM-364
"Musique, politique, sociètè i",HUM-406(a)
"Musique, politique, sociètè ii",HUM-406(b)
Mythes de la mèditerranèe ancienne i,HUM-419(a)
Mythes de la mèditerranèe ancienne ii,HUM-419(b)
Nano/advanced mems practicals,MICRO-503
Nanobiotechnology and biophysics,CH-413
Nanoelectronics,EE-535
Nanotechnology,MICRO-530
Negotiation techniques,MGT-466
Networks out of control,COM-512
Neuroscience for engineers,BIO-382
Neurosciences ii : cellular mechanisms of brain function,BIO-482
Neurosciences iii : behavioral and cognitive neuroscience,BIO-483
Neurosciences i : molecular neuroscience and neurodegeneration,BIO-480
Neutronics,PHYS-443
New tools and research strategies in personalized medicine,BIO-491
Non linear analysis of structures,CIVIL-449
Nuclear computations lab,ETH-531
Nuclear energy systems,ETH-401
Nuclear fuels & materials,ETH-402
Nuclear fusion and plasma physics,PHYS-445
Nuclear magnetic resonance,CH-409
Number theory in cryptography,MATH-489
Numerical analysis and computational mathematics,MATH-456
Numerical approximation of pde's i,MATH-451
Numerical approximation of pde's ii,MATH-457
Numerical flow simulation,ME-474
Numerical integration of dynamical systems,MATH-452
Numerical integration  of stochastic differential equations,MATH-450
Numerical methods for conservation laws,MATH-459
Numerical methods for electromagnetics,MATH-468
Numerical methods for visual computing,CS-328
Numerical methods in biomechanics,ME-484
Numerical methods in chemistry,CH-250
Numerical methods in heat transfer,ME-571
Nutrition: from molecules to health,BIO-441
Ondes de crue et de rupture de barrage,CIVIL-515
Operating systems implementation,CS-323(a)
Operations: economics & strategy,MGT-528
Optical communications,EE-540
Optical detectors,MICRO-523
Optical waves propagation,MICRO-567
Optics i,PHYS-317
Optics ii,PHYS-318
Optics iii,PHYS-449
Optics laboratories i,MICRO-424
Optics laboratories ii,MICRO-425
Optimal decision making,MGT-483
Optional project in communication systems,COM-507
Optional project in communication systems,COM-507
Optional project in computer science,CS-596
Optional project in computer science,CS-596
Organic chemistry,MSE-211
"Organic electronic materials - synthesis, applications, properties",MSE-486
Organic semiconductors,MSE-478
"Organisation, èconomie et droit de la construction i",ENG-470
"Organisation, èconomie et droit de la construction ii",ENG-471
Organizational behavior,MGT-412
Organometallic chemistry,CH-223
Ouvrages et amènagements hydrauliques,CIVIL-312
Ouvrages gèotechniques,CIVIL-306
Ouvrages hydrauliques et amènagements hydroèlectriques,CIVIL-412
Packing and covering,MATH-465
Parabolic and hyperbolic pde's,MATH-469
Parallel and high-performance computing,MATH-454
Parallelism and concurrency,CS-206
Particle-based methods,ME-476
Particle detection,PHYS-440
Particules èlèmentaires i,PHYS-415
Particules èlèmentaires ii,PHYS-416
Pattern classification and machine learning,CS-433
Performance evaluation,COM-503
Personal interaction studio,CS-489
Pharmaceutical biotechnology,BIOENG-437
Pharmacological chemistry,CH-414
Pharmacology and pharmacokinetics,BIO-478
Phènomënes de transfert en science des matèriaux,MSE-209
Philosophie des sciences a,HUM-216
Philosophie des sciences b,HUM-238
"Philosophie, èpistèmologie et histoire des sciences",HUM-315
"Philosophy, epistemology and history of science i",HUM-417(a)
"Philosophy, epistemology and history of science ii",HUM-417(b)
Philosophy of life sciences i,HUM-429(a)
Philosophy of life sciences ii,HUM-429(b)
Photochemistry i,CH-442
Photochemistry ii,CH-443
Photo-interprètation,ENV-241
Photomedicine,CH-448
Photonic micro- and nanosystems,MICRO-504
Photonic systems and technology,EE-440
Physical and computational organic chemistry,CH-431
Physical biology of the cell i,BIO-243
Physical biology of the cell ii,BIO-244
Physical chemistry of polymeric materials,MSE-431
Physical models for micro and nanosystems,EE-536
Physics against cancer : the physics of imaging and treating cancer,ETH-443
Physics and chemistry of the atmosphere,ENV-320
Physics and hydrology of snow,ENV-525
"Physics of atoms, nuclei and elementary particles",PHYS-411
Physics of manufacturing i,MICRO-301
Physics of manufacturing ii,MICRO-302
Physics of materials,PHYS-307
Physics of photonic semiconductor devices,PHYS-434
Physiologie par systëmes i,BIO-376
Physiologie par systëmes ii,BIO-377
Physique avancèe i,PHYS-100
Physique avancèe ii,PHYS-105
Physique des nouveaux matèriaux,PHYS-328
Physique des plasmas i,PHYS-325
Physique du b‚timent i,PHYS-115
Physique du b‚timent ii,PHYS-116
Physique du b‚timent iii,PHYS-217
Physique du b‚timent iv,PHYS-218
Physique du b‚timent v,PHYS-335
Physique du b‚timent vi,PHYS-336
Physique du solide i,PHYS-309
Physique du solide iii,PHYS-419
Physique gènèrale i,PHYS-101(a)
Physique gènèrale i,PHYS-101(b)
Physique gènèrale i,PHYS-101(c)
Physique gènèrale i,PHYS-101(d)
Physique gènèrale i,PHYS-101(e)
Physique gènèrale i,PHYS-101(f)
Physique gènèrale i,PHYS-101(g)
Physique gènèrale i,PHYS-101(h)
Physique gènèrale i,PHYS-101(i)
Physique gènèrale i (allemand),PHYS-101(de)
Physique gènèrale i (anglais),PHYS-101(en)
Physique gènèrale ii,PHYS-106(a)
Physique gènèrale ii,PHYS-106(b)
Physique gènèrale ii,PHYS-106(d)
Physique gènèrale ii,PHYS-106(e)
Physique gènèrale ii,PHYS-106(h)
Physique gènèrale ii,PHYS-106(i)
Physique gènèrale ii (allemand),PHYS-106(de)
Physique gènèrale ii (anglais),PHYS-106(en)
Physique gènèrale iii,PHYS-201(a)
Physique gènèrale iii,PHYS-201(b)
Physique gènèrale iii,PHYS-201(c)
Physique gènèrale ii pour mathèmaticiens,PHYS-108
Physique gènèrale iv,PHYS-207(a)
Physique gènèrale iv,PHYS-207(b)
Physique gènèrale iv,PHYS-207(c)
Physique iii,PHYS-200
Physique iv,PHYS-206
Physique molèculaire,CH-462
Physique nuclèaire et corpusculaire i,PHYS-311
Physique nuclèaire et corpusculaire ii,PHYS-312
Physique numèrique i,PHYS-203
Physique numèrique ii,PHYS-210
Physique (pour cms),PREPA-021
Physique (pour cms),PREPA-022
Physique (pour man),PREPA-033
Physique quantique i,PHYS-313
Physique quantique ii,PHYS-314
Physique statistique i,PHYS-315
Physique statistique ii,PHYS-316
Planification intègrèe des infrastructures d'ènergie,CIVIL-442
Planification urbaine dans le sud,PENS-307
Plasma physics ii,PHYS-423
Plasma physics iii,PHYS-424
Polymer chemistry and macromolecular engineering,MSE-437
"Polymëres, structures, propriètès",MSE-230
Polymer morphological characterization techniques,MSE-451
Ponts en bèton,CIVIL-430
Powder technology,MSE-462
Power electronics,EE-365
Power system restructuring and deregulation,EE-570
Power systems dynamics,EE-470
Practical business law,MGT-455
Pratique de la programmation orientèe-objet,CS-108
Pratiques artistiques a,HUM-202
Pratiques artistiques b,HUM-301
Pratiques artistiques c,HUM-222
Pratiques artistiques d,HUM-322
Pratiques artistiques i,HUM-401(a)
Pratiques artistiques ii,HUM-401(b)
Prè-ètude projet de master,CIVIL-598
Prè-ètude projet de master,CIVIL-598
Prèparation de mooc,
Prèparation de mooc,
Presentation skills,MGT-469
Principles and applications of systems biology,ChE-411
Principles of computer systems,CS-522
Principles of digital communications,COM-302
Principles of finance,MGT-482
Principles of intellectual property management,MGT-404
Principles of microeconomics,MGT-454
Printed systems and large area manufacturing,MICRO-505
Probabilistic method,MATH-467
Probabilitès,MATH-230
Probabilitès et statistique,MATH-131
Probabilitès et statistique,MATH-233
Probabilitès et statistique,MATH-234(a)
Probabilitès et statistique,MATH-234(b)
Probabilitès et statistique,MATH-234(c)
Probabilitès et statistique i,MATH-231
Probabilitès et statistique ii,MATH-236
Probabilities and statistics,MATH-232
Probability theory,MATH-432
Procèdès de production,ME-212
Process development i,ChE-451
Process development ii,ChE-452
Process development project,ChE-459
Product design in a team,MICRO-404
Product design: managing projects and innovations,MICRO-403
Production management,ME-419
Professions et carriëres,HUM-320
Programmation,CS-111(a)
Programmation,CS-111(b)
Programmation,CS-111(d)
Programmation,CS-111(f)
Programmation et conception orientèes objets,ENG-209
Programmation i,CS-111(c)
Programmation i,CS-111(e)
Programmation i,CS-111(g)
Programmation i,CS-111(i)
Programmation ii,CS-112(c)
Programmation ii,CS-112(e)
Programmation ii,CS-112(g)
Programmation ii,CS-112(i)
Programmation matlab,ENG-274
Programmation orientèe systëme,CS-207
Programming concepts in scientific computing,MATH-458
Project in bioengineering and biosciences,BIOENG-390
Project in bioengineering and biosciences,BIOENG-390
Project in electrical energy systems,EE-491(a)
Project in electrical energy systems,EE-491(a)
Project in energy management and sustainability i,ENG-472(a)
Project in energy management and sustainability ii,ENG-472(b)
Project in information technologies,EE-491(b)
Project in information technologies,EE-491(b)
Project in micro and nanoelectronics,EE-491(c)
Project in micro and nanoelectronics,EE-491(c)
Project in molecular sciences,CH-491
Project in molecular sciences,CH-491
Projet cse i,MATH-591
Projet cse i,MATH-591
Projet cse ii,MATH-592
Projet cse ii,MATH-592
Projet de construction,CIVIL-490
Projet de construction,CIVIL-490
Projet d'èlectricitè,EE-399
Projet d'èlectricitè,EE-399
Projet de master en architecture,AR-599
Projet de master en architecture,AR-599
Projet de master en bioingènierie et biotechnologie,BIO-599
Projet de master en bioingènierie et biotechnologie,BIO-599
Projet de master en chimie molèculaire et biologique,CH-599
Projet de master en chimie molèculaire et biologique,CH-599
Projet de master en gènie chimique et biotechnologie,ChE-599
Projet de master en gènie chimique et biotechnologie,ChE-599
Projet de master en gènie civil,CIVIL-599
Projet de master en gènie civil,CIVIL-599
Projet de master en gènie èlectrique et èlectronique,EE-599
Projet de master en gènie èlectrique et èlectronique,EE-599
Projet de master en gènie èlectrique et èlectronique,EE-599(a)
Projet de master en gènie mècanique,ME-599
Projet de master en gènie mècanique,ME-599
Projet de master en gènie nuclèaire,PHYS-598
Projet de master en gènie nuclèaire,PHYS-598
Projet de master en gestion de l'ènergie et construction durable,ENV-595
Projet de master en gestion de l'ènergie et construction durable,ENV-595
Projet de master en informatique,CS-599
Projet de master en informatique,CS-599
Projet de master en ingènierie physique,PHYS-599(a)
Projet de master en ingènierie physique,PHYS-599(a)
Projet de master en mathèmatiques,MATH-599
Projet de master en mathèmatiques,MATH-599
Projet de master en microtechnique,MICRO-599
Projet de master en microtechnique,MICRO-599
Projet de master en physique,PHYS-599(b)
Projet de master en physique,PHYS-599(b)
Projet de master en science et gènie des matèriaux,MSE-599
Projet de master en science et gènie des matèriaux,MSE-599
Projet de master en science et ingènierie computationelles,MATH-598
Projet de master en science et ingènierie computationelles,MATH-598
Projet de master en sciences et ingènierie de l'environnement,ENV-599
Projet de master en sciences et ingènierie de l'environnement,ENV-599
Projet de master en sciences et technologies du vivant,BIO-598
Projet de master en sciences et technologies du vivant,BIO-598
Projet de master en systëmes de communication,COM-599
Projet de master en systëmes de communication,COM-599
Projet de master epfl-hep,MATH-594
Projet de master mnis pour ètudiants de grenoble,EE-599(b)
Projet de master mnis pour ètudiants de turin,EE-599(c)
Projet de master mnis pour ètudiants de turin,EE-599(c)
Projet de master pour ètudiant venant en èchange ‡ l'epfl,EPFL-401
Projet de master pour ètudiant venant en èchange ‡ l'epfl,EPFL-401
Projet de mathèmatiques (bachelor),MATH-397
Projet de mathèmatiques (bachelor),MATH-397
Projet de mathèmatiques (master),MATH-498
Projet de mathèmatiques (master),MATH-498
Projet de systëmes civils,CIVIL-491
Projet de systëmes civils,CIVIL-491
Projet de systems-on-chip,CS-309
Projet d'ingènierie simultanèe,ME-314
Projet enac,PENS-490
Projet enac,PENS-490
Projet en chimie pour passerelle hes,CH-390
Projet en informatique i,CS-398
Projet en informatique i,CS-398
Projet en informatique ii,CS-498
Projet en informatique ii,CS-498
Projet en systëmes de communication i,COM-307
Projet en systëmes de communication i,COM-307
Projet en systëmes de communication ii,COM-416
Projet en systëmes de communication ii,COM-416
Projet gc,CIVIL-390
Projet gc,CIVIL-390
Projet gènie mècanique i,ME-401
Projet gènie mècanique i,ME-401
Projet gènie mècanique ii,ME-402
Projet gènie mècanique ii,ME-402
Projet interdisciplinaire ‡ option,CIVIL-493
Projet interdisciplinaire ‡ option,CIVIL-493
Projet ma-hep,MATH-498(c)
Projet ma-hep,MATH-498(c)
Projet matèriaux,MSE-390
Projet matèriaux,MSE-390
Projet microtechnique i,MICRO-498
Projet microtechnique ii,MICRO-499
Projet microtechnique ii,MICRO-499
Projet programmation systëme,CS-207(a)
Projets en informatique (pour sv),CS-116
Projet sie,ENV-597
Projet sie,ENV-597
Projets mètaphoriques d'archizoom ‡ koolhaas,AR-423(a)
Promotion des ètudes,
Promotion des ètudes,
Propagation of acoustic waves,EE-549
Properties of semiconductors and related nanostructures,MSE-484
Propriètès fonctionnelles des matèriaux,MSE-210
Psychologie cognitive a,HUM-213
Psychologie des èmotions,HUM-239
Psychologie sociale a,HUM-218
Psychologie sociale b,HUM-240
Psychologie sociale c,HUM-317
Psychologie sociale d,HUM-343
Psychologie sociale i,HUM-420(a)
Psychologie sociale ii,HUM-420(b)
Qcm (pour cms),PREPA-023
Quality assurance and quality management systems,MGT-428
Quantitative methods ii,ENV-366
Quantitative methods in finance,FIN-402
Quantitative risk management,MATH-471
Quantitative systems modeling techniques,MGT-430
Quantum chemistry,CH-244
Quantum electrodynamics and quantum optics,PHYS-453
Quantum optics and quantum information,PHYS-454
Quantum physics iii,PHYS-425
Quantum physics iv,PHYS-426
"Quartiers, infrastructures et amènagement durable",PENS-309
Radiation protection & radiation applications,PHYS-450
Rayonnement et antennes,EE-345
Reactive programming,CS-212
Reactor experiments,PHYS-446
Reactor technology,PHYS-447
Real options and financial structuring,FIN-410
Real-time embedded systems,CS-476
Real-time networks,COM-413
Rècit et style en bd,HUM-268
Recycling of materials,MSE-463
Relation pèdagogique et climat de classe,HEP-408
Relativistic quantum fields i,PHYS-431
Relativistic quantum fields ii,PHYS-432
Relativity and cosmology i,PHYS-427
Relativity and cosmology ii,PHYS-428
Relevè raisonnè et construction du territoire,PENS-208
Religions: approches socio-culturelles a,HUM-266
Religions: approches socio-culturelles b,HUM-354
Remèdiation des sites,ENV-301
Remix public space,PENS-209
Renewable energy and solar architecture in davos,PENS-210
Renewable energy (for me),ME-460
"Renewable energy technologies ii, energy storage and conversion",ETH-431
Reprèsentations linèaires des groupes finis,MATH-314
Research project in materials i,MSE-490(a)
Research project in materials i,MSE-490(a)
Research project in materials ii,MSE-490(b)
Research project in materials ii,MSE-490(b)
Rèseaux èlectriques,EE-370
Rèseaux hydrauliques et ènergètiques,CIVIL-445
Reservoir mechanics for geo-energy and the environment,CIVIL-429
Rèsistance des matèriaux,MSE-205
Rètrosynthëse,CH-333
Rhèologie et mècanique des fluides,MSE-206
Rings and modules,MATH-311
Risk and energy,HUM-370
Risk management,ENG-430
"Risk, rare events and extremes",MATH-447
Risques hydrologiques et amènagements,ENV-524
Robotics practicals,MICRO-453
Robotique industrielle et appliquèe,MICRO-451
Robust and nonparametric statistics,MATH-441
Safety of chemical processes,ENG-431
Safety of nuclear power plants,ETH-403
Sanitary engineering in developing countries,ENV-402
"Santè, population et sociètè",HUM-257
Satellite communications  systems and networks,COM-414
Scaling laws in micro- and nanosystems,MICRO-430
Science et littèrature a,HUM-241
Science et littèrature b,HUM-251
Science et littèrature c,HUM-219
Science et littèrature d,HUM-345
Sciences de la mèmoire,HUM-358
Sciences de la ville,AR-459
Sciences du sol,ENV-222
Sciences et religions a,HUM-318
Sciences et religions b,HUM-365
Sciences et religions i,HUM-436(a)
Sciences et religions ii,HUM-436(b)
Sciences et technologies de l'èlectricitè (automne),EE-100
Sciences et technologies de l'èlectricitè (automne),EE-106
"Sciences et technologies de l'èlectricitè, laboratoire",EE-101
Sciences et technologies de l'èlectricitè (printemps),EE-105
"Science, technologie et sociètè a",HUM-114
"Science, technologie et sociètè b",HUM-229
"Science, technologie et sociètè c",HUM-353
"Science, technologie et sociètè d",HUM-332
"Science, technologie et sociètè i",HUM-428(a)
"Science, technologie et sociètè ii",HUM-428(b)
Scientific literature analysis in bioengineering,BIO-467
Scientific literature analysis in cell and developmental biology,BIO-464
Scientific literature analysis in computational molecular biology,BIO-468
Scientific literature analysis in molecular and cancer biology,BIO-489
Scientific literature analysis in neuroscience,BIOENG-451
Scientific project design in drug discovery,BIO-494
Scientific project design in integrative neurosciences,BIO-493
Scientific project design in regenerative medicine and diagnostics,BIO-469
Scientific project design in synthetic biology (igem),BIO-318
Scientific project design in translational neurosciences,BIO-487
Scientific project design in translational oncology,BIO-488
Seconde main constructive,PENS-212
Sècuritè des rèseaux,COM-301
Sècuritè et fiabilitè,CIVIL-237
Seismic engineering,CIVIL-522
Selected topics in advanced optics,MICRO-420
Selected topics in mechanics of solids and structures,CIVIL-527
Selected topics in nuclear and particle physics,PHYS-400
Semester project for specialisation a,EE-492(a)
Semester project for specialisation b,EE-492(b)
Semester project for specialisation c,EE-492(c)
Semester project for specialisation d,EE-492(d)
Semester project for specialisation e,EE-492(e)
Semester project for specialisation f,EE-492(f)
Semester project for specialisation g,EE-492(g)
Semester project in bioengineering,BIOENG-489
Semester project in bioengineering,BIOENG-489
Semester project in life sciences & technology,BIO-496
Semester project in life sciences & technology,BIO-496
Semester project nuclear engineering,ETH-590
Semiconductor physics and fundamentals of electronic devices,PHYS-433
Sèminaire d'intègration,HEP-450
Sèminaire d'intègration,HEP-450
Seminar in physiology and instrumentation,MICRO-568
Seminar series on advances in materials (autumn),MSE-470(a)
Seminar series on advances in materials (spring),MSE-470(b)
Sensorimotor neuroprosthetics,BIOENG-486
Sensor orientation,ENV-548
Sensors in medical instrumentation,EE-511
Set theory,MATH-318
Shs : cycle bachelor ba3,
Shs : cycle bachelor ba3+ba4,
Shs : cycle bachelor ba4,
Shs : cycle bachelor ba5,
Shs : cycle bachelor ba5+ba6,
Shs : cycle bachelor ba6,
Shs : introduction au projet,
Shs : projet,
Shs : projet complet,HUM-400
Shs : projet complet,HUM-400
Sig et aide ‡ la dècision,ENV-443
Signal processing for communications,COM-303
Signal processing for functional brain imaging,MICRO-513
"Signals, instruments, and systems",ENG-366
Signaux et systëmes ii (pour mt),MICRO-311(a)
Signaux et systëmes ii (pour sv),MICRO-311(b)
Signaux et systëmes i (pour mt),MICRO-310(a)
Signaux et systëmes i (pour sv),MICRO-310(b)
Simulation and optimisation of industrial applications,ME-499
Single- and two-phase particulate flows,ETH-435
Single cell genomics,BIOENG-420
Slope stability,CIVIL-530
Smart grids technologies,EE-472
Social media,EE-593
Sociologie urbaine,AR-489
Soft matter,MSE-425
Software-defined radio: a hands-on course,COM-511
Software engineering,CS-305
Soil water regime management,ENV-522
Solar decathlon: project commissioning,PENS-312
Solar decathlon summer workshop,PENS-491
Solid mechanics,ME-331
Solid state physics ii,PHYS-310
Solid state physics iv,PHYS-420
Solid waste engineering,ENV-500
Space mission design and operations,EE-585
Spatial statistics and analysis,ENG-440
Specialisation project in materials,MSE-490(c)
Specialisation project in materials,MSE-490(c)
Special topics in reactor physics,ETH-404
Spectroscopy,CH-343
Speech processing,EE-553
Stage d'ingènieur crèditè avec le pdm (master en  gènie civil),CIVIL-597
Stage d'ingènieur crèditè avec le pdm (master en  gènie civil),CIVIL-597
Stage d'ingènieur crèditè avec le pdm (master en gènie èlectrique et èlectronique),EE-597
Stage d'ingènieur crèditè avec le pdm (master en gènie èlectrique et èlectronique),EE-597
Stage d'ingènieur crèditè avec le pdm (master en gènie èlectrique et èlectronique),EE-597(a)
Stage d'ingènieur crèditè avec le pdm (master en gènie èlectrique et èlectronique),EE-597(a)
Stage d'ingènieur crèditè avec le pdm (master en  gènie mècanique),ME-597
Stage d'ingènieur crèditè avec le pdm (master en  gènie mècanique),ME-597
Stage d'ingènieur crèditè avec le pdm (master en gestion de l'ènergie et construction durable),ENV-593
Stage d'ingènieur crèditè avec le pdm (master en gestion de l'ènergie et construction durable),ENV-593
Stage d'ingènieur crèditè avec le pdm (master en informatique),CS-595
Stage d'ingènieur crèditè avec le pdm (master en informatique),CS-595
Stage d'ingènieur crèditè avec le pdm (master en ingènierie mathèmatique),MATH-597
Stage d'ingènieur crèditè avec le pdm (master en ingènierie mathèmatique),MATH-597
Stage d'ingènieur crèditè avec le pdm (master en  microtechnique),MICRO-597
Stage d'ingènieur crèditè avec le pdm (master en  microtechnique),MICRO-597
Stage d'ingènieur crèditè avec le pdm (master en  science et gènie des matèriaux),MSE-597
Stage d'ingènieur crèditè avec le pdm (master en  science et gènie des matèriaux),MSE-597
Stage d'ingènieur crèditè avec le pdm (master en sciences et ingènierie de l'environnement),ENV-598
Stage d'ingènieur crèditè avec le pdm (master en sciences et ingènierie de l'environnement),ENV-598
Stage d'ingènieur crèditè avec le pdm (master en systëmes de communication),COM-597
Stage d'ingènieur crèditè avec le pdm (master en systëmes de communication),COM-597
Stage d'ingènieur (master en gènie chimique et biotechnologie),ChE-596
Stage d'ingènieur (master en gènie chimique et biotechnologie),ChE-596
Stage d'ingènieur (master en gènie èlectrique et èlectronique),EE-596(a)
Stage d'ingènieur (master en gènie èlectrique et èlectronique),EE-596(a)
Stage d'ingènieur (master en gènie nuclèaire),PHYS-595
Stage d'ingènieur (master en gènie nuclèaire),PHYS-595
Stage d'ingènieur (master en ingènierie mathèmatique),MATH-596
Stage d'ingènieur (master en ingènierie mathèmatique),MATH-596
Stage d'ingènieur (master en ingènierie physique),PHYS-596
Stage d'ingènieur (master en ingènierie physique),PHYS-596
Stage d'ingènieur (master en  sciences et ingènierie computationnelles),MATH-595
Stage d'ingènieur (master en  sciences et ingènierie computationnelles),MATH-595
Stages semestriels,HEP-449
Stages semestriels,HEP-449
Stage supplèmentaire 1,
Stage supplèmentaire 1,
Stage supplèmentaire 2,
Stage supplèmentaire 2,
Stage supplèmentaire 3,
Stage supplèmentaire 3,
Stage supplèmentaire 4,
Stage supplèmentaire 4,
Stage supplèmentaire 5,
Stage supplèmentaire 5,
Statique et dynamique,MICRO-102
Statique i,CIVIL-124
Statique ii,CIVIL-224
Statistical mechanics,MSE-421
Statistical neurosciences,COM-421
Statistical physics iii,PHYS-435
Statistical physics iv,PHYS-436
Statistical physics of biomacromolecules,PHYS-441
Statistical population genetics,BIO-451
Statistical signal and data processing through applications,COM-500
Statistical theory,MATH-442
Statistical thermodynamics,CH-242(a)
Statistics for genomic data analysis,MATH-474
Statistique,MATH-240
Stem cell biology and technology,BIO-447
Stèrèotomie,AR-211
Stochastic calculus i,FIN-408
Stochastic calculus ii,FIN-409
Stochastic methods,MICRO-506
Strategic marketing & technology commercialization,MGT-401
Structural mechanics (for mt),ME-231(a)
Structural mechanics (for sv),ME-231(b)
Structural stability,CIVIL-369
Structure and reactivity,CH-432
Structure et architecture,CIVIL-434
Structures complexes,AR-535
Structures en bèton,CIVIL-234
"Structures en bèton, chapitres choisis",CIVIL-525
Structures en mètal,CIVIL-235
"Structures en mètal, chapitres choisis",CIVIL-526
Structures et matèriaux i,AR-239
Structures et matèriaux ii,AR-240
"Structures existantes, bases",CIVIL-436
"Structures existantes, chapitres choisis",CIVIL-437
Structures i,CIVIL-122
Structures ii,CIVIL-123
Student seminar: security protocols and applications,COM-506
Suivi de mooc externe,
Suivi de mooc externe,
Superstudio,AR-597
Supply chain management,MGT-526
Supramolecular chemistry,CH-424
Surface analysis,MSE-351
Surfaces and interfaces,MSE-304
Sustainability assessment,ENV-461
Swiss living challenge,PENS-492
Synthëse asymètrique,CH-331
"Synthesis, analysis and verification",CS-550
Systëme d'information gèographique (sig),ENV-342
Systëmes de management environnementaux,ENV-469
Systëmes de tèlècommunications,EE-342
Systëmes de transports,CIVIL-453
Systëmes dynamiques,ME-221
"Systëmes èducatifs, organisations, acteurs, savoirs",HEP-406
Systëmes èlectriques et èlectroniques i,EE-295
Systëmes èlectriques et èlectroniques ii,EE-296
Systëmes embarquès microprogrammès,EE-310
Systëmes logiques,CS-171
Systëmes logiques,CS-172
Systëmes mècaniques,ME-202
Systëmes mècatroniques,ME-424
Systëmes multivariables,ME-324
Systëmes vibratoires,MICRO-300
System identification,ME-421
Systems and architectures for signal processing,EE-555
Systems engineering,MICRO-405
Tcp/ip networking,COM-407
Techniques d'assemblage,MICRO-440
Techniques de mesure,ME-301
Technologie des microstructures i,MICRO-331
Technologie et mise en oeuvre des polymëres + tp,MSE-360
Technologie et pratique des matèriaux,MSE-103
Technologies de la connaissance,HUM-244
Technologies et entrepreneurship social,HUM-361
"Technologies, innovations et marchès èmergents",HUM-366
Technology & innovation strategy,MGT-414
Technology policy and the energy transition,MGT-408
Technology ventures in ic,CS-410
Tèlèdètection,ENV-341
Terra epidermis,PENS-211
Test of vlsi systems,EE-530
Theoretical computer science,CS-352
Thèorie de galois,MATH-317
Thèorie de l'architecture i,AR-121
Thèorie de l'architecture ii,AR-122
Thèorie de l'architecture iii,AR-221
Thèorie de l'architecture iv,AR-222
Thèorie de l'architecture v,AR-321
Thèorie de l'architecture vi,AR-322
Thèorie de l'architecture vii,AR-421
Thèorie de l'espace,AR-461
Thèorie des groupes,MATH-211
Thèorie des rèacteurs,ChE-303
Thèorie du calcul stochastique,MATH-431
Thèorie et critique du projet ba1,AR-101
Thèorie et critique du projet ba2,AR-102
Thèorie et critique du projet ba3 (bakker & blanc a.),AR-201(a)
Thèorie et critique du projet ba3 (de vylder & taillieu),AR-201(c)
Thèorie et critique du projet ba3 (lapierre),AR-201(n)
Thèorie et critique du projet ba3 (perrault),AR-201(k)
Thèorie et critique du projet ba3 (rey),AR-201(g)
Thèorie et critique du projet ba4 (bakker & blanc a.),AR-202(a)
Thèorie et critique du projet ba4 (de vylder & taillieu),AR-202(c)
Thèorie et critique du projet ba4 (lapierre),AR-202(n)
Thèorie et critique du projet ba4 (perrault),AR-202(k)
Thèorie et critique du projet ba4 (rey),AR-202(g)
Thèorie et critique du projet ba5 (frˆhlich m. & a.),AR-301(d)
Thèorie et critique du projet ba5 (graf f.),AR-301(b)
Thèorie et critique du projet ba5 (ortelli l.),AR-301(c)
Thèorie et critique du projet ba5 (viganú),AR-301(a)
Thèorie et critique du projet ba6 (frˆhlich m. & a.),AR-302(d)
Thèorie et critique du projet ba6 (graf f.),AR-302(b)
Thèorie et critique du projet ba6 (ortelli l.),AR-302(c)
Thèorie et critique du projet ba6 (viganú),AR-302(a)
Thèorie et critique du projet ma1 (boltshauser),AR-401(v)
Thèorie et critique du projet ma1 (escher et gunewardena),AR-401(w)
Thèorie et critique du projet ma1 (geers),AR-401(c)
Thèorie et critique du projet ma1 (graber et pulver),AR-401(x)
Thèorie et critique du projet ma1 (gugger),AR-401(b)
Thèorie et critique du projet ma1 (huang),AR-401(y)
Thèorie et critique du projet ma1 (lamuniëre),AR-401(i)
Thèorie et critique du projet ma1 (l¸tjens et padmanabhan),AR-401(z)
Thèorie et critique du projet ma1 (weinand),AR-401(e)
Thèorie et critique du projet ma2 (boltshauser),AR-402(v)
Thèorie et critique du projet ma2 (escher et gunewardena),AR-402(w)
Thèorie et critique du projet ma2 (geers),AR-402(c)
Thèorie et critique du projet ma2 (graber et pulver),AR-402(x)
Thèorie et critique du projet ma2 (gugger),AR-402(b)
Thèorie et critique du projet ma2 (huang),AR-402(y)
Thèorie et critique du projet ma2 (lamuniëre),AR-402(i)
Thèorie et critique du projet ma2 (l¸tjens et padmanabhan),AR-402(z)
Thèorie et critique du projet ma2 (weinand),AR-402(e)
Thèories de l'urbanisme i,AR-261
Thèories de l'urbanisme ii,AR-262
Thèories et techniques du projet de sauvegarde,AR-434
Theory of computation,CS-251
Theory of materials : from structures to properties ,MSE-300
Thermal power cycles and heat pump systems,ME-459
Thermodynamics and energetics i,ME-251
Thermodynamics for materials science,MSE-204
Thermodynamics of energy conversion and storage,ChE-414
Thermodynamique et ènergètique ii,ME-351
Thin film fabrication processes,MSE-465
Time series,MATH-342
Tissue engineering,BIOENG-449
Topics in number theory,MATH-417
Topics in theoretical computer science,CS-455
Topologie,MATH-225
Topologie algèbrique,MATH-323
Topomètrie,ENV-242
Total synthesis of natural products,CH-438
Tp de bioprocèdès environnementaux,ENV-506
Tp de conception de systëmes numèriques,EE-397
Tp de monitoring environnemental,ENV-168
Tp en conversion d'ènergie,EE-396
Tp en salle blanche (automne),MICRO-332
Tp en salle blanche (printemps),MICRO-332
Tp en technologies de l'information,EE-395
Traitement des signaux,EE-350
Traitement quantique de l'information,COM-309
Transducteurs et entraónements intègrès,EE-461
Transformations de phase,MSE-302
Transportation systems engineering,CIVIL-351
Transport et tèlèmatique,CIVIL-454
Transport phenomena i,ChE-301
Transport phenomena ii,ChE-302
Travail d'approfondissement pour master en chimie,CH-590
Travail d'approfondissement pour master en chimie,CH-590
Travail de spècialisation pour master en physique,PHYS-597
Travail de spècialisation pour master en physique,PHYS-597
Travail et organisations,HUM-220
Travail pratique de laboratoire (30 crèdits),
Travail pratique de laboratoire (30 crèdits),
Travaux pratiques de physiologie i,BIO-378
Travaux pratiques de physiologie ii,BIO-379
Travaux souterrains,CIVIL-404
Tribology,MSE-485
Turbomachines thermiques,ME-455
Turbulence,ME-467
Two-phase flows and heat transfer,ME-446
Ue b : critique architecturale,AR-432
Ue c : architecture et archèologie,AR-420
Ue d : territoire et sociètè,AR-466
Ue e : architecture et structures,AR-438
Ue f : architecture et rèhabilitation,AR-439
Ue gènie civil: construction durable,CIVIL-474
Ue h : graphie ,AR-433
Ue i : analogue-digital-virtuel,AR-414
Ue j : territoire et paysage,AR-471
Ue k : architecture et durabilitè : ètudes de performances,AR-440
Ue l : art and architecture: constructing the view i,AR-415
Ue m : espace et lumiëre: le projet d'èclairage,AR-441
Ue n : art et architecture: constructing the view ii,AR-416
Ue o : bèton. matiëre de construction,AR-447
Ue p : bèton. construction et prèfabrication,AR-448
Ue r : introduction au bim (building information modeling),AR-435
Ue u : cartography,AR-476
Ue v: architecture et bois,AR-480
Ue w: reading construction,AR-482
Uncertainty quantification for engineering & life sciences,ETH-440
Understanding modern switzerland i,HUM-422(a)
Understanding modern switzerland ii,HUM-422(b)
Understanding statistics and experimental design,BIO-449
Unsupervised and reinforcement learning in neural networks,CS-434
Urban hydraulic systems,CIVIL-413
Urbanisme en asie,AR-456
Urbanisme et territoires,AR-455
Venture capital,FIN-522
Ville africaine: introduction ‡ la planification,AR-462
Ville et mobilitè,AR-458
Villes et transports,CIVIL-451
Virtual reality,CS-444
Visions et utopies,AR-407
Voies de circulation,CIVIL-406
Water and wastewater treatment,ENV-405
Water quality modeling,ENG-400
Water resources engineering,ENV-424
Wave propagation along transmission lines,EE-575
Wind energy,ETH-432
Wireless receivers: algorithms and architectures,EE-442
"Wood structures, properties and uses",MSE-466
